{"cameraMode":{"drawMode":0,"name":"Shaded","section":"Shading Mode"},"sceneLighting":true,"audioPlay":false,"sceneViewState":{"m_AlwaysRefresh":false,"showFog":true,"showSkybox":true,"showFlares":true,"showImageEffects":true,"showParticleSystems":true,"showVisualEffectGraphs":true,"m_FxEnabled":true},"in2DMode":false,"pivot":{"x":20.637298583984376,"y":15.563114166259766,"z":37.713829040527347},"rotation":{"x":0.05904964357614517,"y":0.6440840363502502,"z":-0.025008980184793474,"w":0.7651874423027039},"size":24.794715881347658,"orthographic":false}